{"F1": 0.4036144578313253, "precision": 0.4036144578313253, "recall": 0.4036144578313253, "validation_accuracy": 0.4036144578313253}