{"mse": 0.9056813121184496, "rmse": 0.9516729018514973, "r2": 0.32318215196138067}