{"F1": 0.2891566265060241, "precision": 0.2891566265060241, "recall": 0.2891566265060241, "validation_accuracy": 0.2891566265060241}