{"F1": 0.3253012048192771, "precision": 0.3253012048192771, "recall": 0.3253012048192771, "validation_accuracy": 0.3253012048192771}