{"mse": 0.9029046179885518, "rmse": 0.9502129329726847, "r2": 0.3252571822402578}