{"F1": 0.391566265060241, "precision": 0.39156626506024095, "recall": 0.39156626506024095, "validation_accuracy": 0.39156626506024095}