{"training_time": 0.7437112331390381, "inference_latency": 0.0006400268787771413, "RMSE_loss": [198.6959686279297, 208.89544677734375, 196.9770965576172], "R_squared": [0.9874469041824341, 0.9897798299789429, 0.9873872995376587]}