{"mse": 0.9575578007432982, "rmse": 0.9785488238934725, "r2": 0.2844147257982603}