{"mse": 1.1095906035425276, "rmse": 1.0533710664065763, "r2": 0.17080024237564495}